<?xml version="1.0" encoding="UTF-8"?>
<project-private xmlns="http://www.netbeans.org/ns/project-private/1">
    <editor-bookmarks xmlns="http://www.netbeans.org/ns/editor-bookmarks/2" lastBookmarkId="0"/>
    <open-files xmlns="http://www.netbeans.org/ns/projectui-open-files/2">
        <group>
            <file>file:/C:/Users/choon/Documents/NetBeansProjects/Assignment/src/entity/Patient.java</file>
            <file>file:/C:/Users/choon/Documents/NetBeansProjects/Assignment/src/control/ConsultationControl.java</file>
            <file>file:/C:/Users/choon/Documents/NetBeansProjects/Assignment/src/control/PatientManagement.java</file>
            <file>file:/C:/Users/choon/Documents/NetBeansProjects/Assignment/src/utility/ValidationUtil.java</file>
            <file>file:/C:/Users/choon/Documents/NetBeansProjects/Assignment/src/control/DoctorManagement.java</file>
            <file>file:/C:/Users/choon/Documents/NetBeansProjects/Assignment/src/dao/ClinicInitializer.java</file>
            <file>file:/C:/Users/choon/Documents/NetBeansProjects/Assignment/src/entity/Consultation.java</file>
            <file>file:/C:/Users/choon/Documents/NetBeansProjects/Assignment/src/boundary/DoctorManagementUI.java</file>
            <file>file:/C:/Users/choon/Documents/NetBeansProjects/Assignment/src/utility/ChartUtil.java</file>
            <file>file:/C:/Users/choon/Documents/NetBeansProjects/Assignment/src/entity/MedicalTreatment.java</file>
            <file>file:/C:/Users/choon/Documents/NetBeansProjects/Assignment/src/boundary/MedicalTreatmentUI.java</file>
            <file>file:/C:/Users/choon/Documents/NetBeansProjects/Assignment/src/entity/Medicine.java</file>
            <file>file:/C:/Users/choon/Documents/NetBeansProjects/Assignment/src/entity/DispenseRecord.java</file>
            <file>file:/C:/Users/choon/Documents/NetBeansProjects/Assignment/src/control/MedicalTreatmentManagement.java</file>
            <file>file:/C:/Users/choon/Documents/NetBeansProjects/Assignment/src/control/ConsultationManagement.java</file>
            <file>file:/C:/Users/choon/Documents/NetBeansProjects/Assignment/src/utility/TimeUtil.java</file>
            <file>file:/C:/Users/choon/Documents/NetBeansProjects/Assignment/src/entity/Doctor.java</file>
            <file>file:/C:/Users/choon/Documents/NetBeansProjects/Assignment/src/boundary/ClinicManagementSystem.java</file>
        </group>
    </open-files>
</project-private>
